<?xml version="1.0" encoding="UTF-8"?>
<project-private xmlns="http://www.netbeans.org/ns/project-private/1">
    <editor-bookmarks xmlns="http://www.netbeans.org/ns/editor-bookmarks/2" lastBookmarkId="0"/>
    <open-files xmlns="http://www.netbeans.org/ns/projectui-open-files/2">
        <group>
            <file>file:/H:/ORT/Obligatorio/Agosto%202022/SistemaDistribucion/src/sistemaDistribucion/Obligatorio.java</file>
            <file>file:/H:/ORT/Obligatorio/Agosto%202022/SistemaDistribucion/src/TADs/Lista.java</file>
            <file>file:/H:/ORT/Obligatorio/Agosto%202022/SistemaDistribucion/src/TADs/ILista.java</file>
            <file>file:/H:/ORT/Obligatorio/Agosto%202022/SistemaDistribucion/src/sistemaDistribucion/IObligatorio.java</file>
            <file>file:/H:/ORT/Obligatorio/Agosto%202022/SistemaDistribucion/src/sistemaDistribucion/Main.java</file>
            <file>file:/H:/ORT/Obligatorio/Agosto%202022/SistemaDistribucion/src/TADs/NodoLista.java</file>
        </group>
    </open-files>
</project-private>
